{
  "110.0": {
    "exp+1": 0.38010165095329285,
    "exp+2": 0.5493744611740112,
    "exp-1": 0.17644375562667847,
    "exp-2": 0.12886762619018555,
    "exp0": 0.2557373046875,
    "obs": 0.275136095517391
  }
}