{
  "110.0": {
    "exp+1": 0.41655880212783813,
    "exp+2": 0.6310715675354004,
    "exp-1": 0.182416170835495,
    "exp-2": 0.13172626495361328,
    "exp0": 0.269775390625,
    "obs": 0.17471262398420948
  }
}