{
  "110.0": {
    "exp+1": 0.5839610695838928,
    "exp+2": 0.8509659767150879,
    "exp-1": 0.27130722999572754,
    "exp-2": 0.19898414611816406,
    "exp0": 0.391845703125,
    "obs": 0.31797621487379496
  }
}