{
  "110.0": {
    "exp+1": 0.6277573704719543,
    "exp+2": 0.9162968993186951,
    "exp-1": 0.2924370765686035,
    "exp-2": 0.21448135375976562,
    "exp0": 0.42236328125,
    "obs": 0.4180313722994839
  }
}