{
  "110.0": {
    "exp+1": 0.4149457812309265,
    "exp+2": 0.625564694404602,
    "exp-1": 0.18308304250240326,
    "exp-2": 0.1327800750732422,
    "exp0": 0.269775390625,
    "obs": 0.17454152641242043
  }
}