{
  "75.0": {
    "exp+1": 0.04871265962719917,
    "exp+2": 0.06920704990625381,
    "exp-1": 0.02332162857055664,
    "exp-2": 0.017246246337890625,
    "exp0": 0.033447265625,
    "obs": 0.03432372062687331
  }
}