{
  "300.0": {
    "exp+1": 0.044924043118953705,
    "exp+2": 0.06382043659687042,
    "exp-1": 0.02144908905029297,
    "exp-2": 0.01586151123046875,
    "exp0": 0.03076171875,
    "obs": 0.031330856884891775
  }
}