{
  "150.0": {
    "exp+1": 0.043972600251436234,
    "exp+2": 0.062424227595329285,
    "exp-1": 0.02102351188659668,
    "exp-2": 0.015546798706054688,
    "exp0": 0.0301513671875,
    "obs": 0.03417782325080315
  }
}