{
  "190.0": {
    "exp+1": 0.04406161606311798,
    "exp+2": 0.06264397501945496,
    "exp-1": 0.02106606960296631,
    "exp-2": 0.015578269958496094,
    "exp0": 0.03021240234375,
    "obs": 0.038513906266890004
  }
}