{
  "850.0": {
    "exp+1": 0.5367636680603027,
    "exp+2": 0.7569095492362976,
    "exp-1": 0.2596569061279297,
    "exp-2": 0.1927947998046875,
    "exp0": 0.37109375,
    "obs": 0.39090176694826384
  }
}