{
  "90.0": {
    "exp+1": 0.04708806797862053,
    "exp+2": 0.06694678962230682,
    "exp-1": 0.02251303195953369,
    "exp-2": 0.016648292541503906,
    "exp0": 0.03228759765625,
    "obs": 0.03303962868233962
  }
}