{
  "120.0": {
    "exp+1": 0.04379457235336304,
    "exp+2": 0.06226431205868721,
    "exp-1": 0.020938396453857422,
    "exp-2": 0.015483856201171875,
    "exp0": 0.030029296875,
    "obs": 0.03080448148109689
  }
}