{
  "650.0": {
    "exp+1": 0.0880599096417427,
    "exp+2": 0.1248306930065155,
    "exp-1": 0.042217254638671875,
    "exp-2": 0.031219482421875,
    "exp0": 0.060546875,
    "obs": 0.06186774838193315
  }
}