{
  "250.0": {
    "exp+1": 0.043854422867298126,
    "exp+2": 0.062300898134708405,
    "exp-1": 0.020938396453857422,
    "exp-2": 0.015483856201171875,
    "exp0": 0.030029296875,
    "obs": 0.029088181547766816
  }
}