{
  "70.0": {
    "exp+1": 0.050114523619413376,
    "exp+2": 0.07119650393724442,
    "exp-1": 0.023959994316101074,
    "exp-2": 0.01771831512451172,
    "exp0": 0.03436279296875,
    "obs": 0.035014050861616096
  }
}