{
  "95.0": {
    "exp+1": 0.04646497592329979,
    "exp+2": 0.06601168215274811,
    "exp-1": 0.02221512794494629,
    "exp-2": 0.016427993774414062,
    "exp0": 0.0318603515625,
    "obs": 0.03246823970158817
  }
}