{"600.0": {"exp-2": 0.00256805419921875, "exp-1": 0.003472709655761719, "exp0": 0.0049804687500000005, "exp+1": 0.007253564149141312, "exp+2": 0.010289870202541351, "obs": 0.00502418769258272}, "80.0": {"exp-2": 0.0016931533813476563, "exp-1": 0.0022896051406860354, "exp0": 0.0032836914062500003, "exp+1": 0.004788918793201447, "exp+2": 0.006808577477931977, "obs": 0.0036837808538730055}, "70.0": {"exp-2": 0.001771831512451172, "exp-1": 0.0023959994316101077, "exp0": 0.0034362792968750003, "exp+1": 0.005011452361941338, "exp+2": 0.007119650393724442, "obs": 0.00350140508616161}, "90.0": {"exp-2": 0.0016648292541503907, "exp-1": 0.002251303195953369, "exp0": 0.0032287597656250003, "exp+1": 0.004708806797862054, "exp+2": 0.006694678962230683, "obs": 0.003303962868233962}, "150.0": {"exp-2": 0.0015546798706054688, "exp-1": 0.002102351188659668, "exp0": 0.0030151367187500003, "exp+1": 0.004397260025143623, "exp+2": 0.006242422759532929, "obs": 0.0034177823250803154}, "300.0": {"exp-2": 0.001586151123046875, "exp-1": 0.002144908905029297, "exp0": 0.0030761718750000003, "exp+1": 0.004492404311895371, "exp+2": 0.006382043659687042, "obs": 0.003133085688489178}, "400.0": {"exp-2": 0.0017151832580566406, "exp-1": 0.0023193955421447754, "exp0": 0.003326416015625, "exp+1": 0.004851228371262551, "exp+2": 0.0068920239806175235, "obs": 0.003358334779256863}, "190.0": {"exp-2": 0.0015578269958496094, "exp-1": 0.002106606960296631, "exp0": 0.003021240234375, "exp+1": 0.004406161606311798, "exp+2": 0.006264397501945496, "obs": 0.0038513906266890007}, "450.0": {"exp-2": 0.0018316268920898439, "exp-1": 0.0024768590927124025, "exp0": 0.00355224609375, "exp+1": 0.005173498019576073, "exp+2": 0.007350091636180878, "obs": 0.003592556579763841}, "250.0": {"exp-2": 0.0015483856201171876, "exp-1": 0.0020938396453857424, "exp0": 0.0030029296875, "exp+1": 0.0043854422867298124, "exp+2": 0.0062300898134708405, "obs": 0.0029088181547766816}, "170.0": {"exp-2": 0.0015515327453613282, "exp-1": 0.0020980954170227053, "exp0": 0.0030090332031250003, "exp+1": 0.004394355788826943, "exp+2": 0.006242752820253373, "obs": 0.0030567359800925393}, "100.0": {"exp-2": 0.0015987396240234376, "exp-1": 0.0021619319915771487, "exp0": 0.0031005859375000003, "exp+1": 0.0045218788087368015, "exp+2": 0.00642891675233841, "obs": 0.0035768137221384487}, "85.0": {"exp-2": 0.00166168212890625, "exp-1": 0.0022470474243164065, "exp0": 0.0032226562500000003, "exp+1": 0.004699905589222908, "exp+2": 0.00667206346988678, "obs": 0.003616852405506585}, "350.0": {"exp-2": 0.0016427993774414064, "exp-1": 0.002221512794494629, "exp0": 0.00318603515625, "exp+1": 0.004646497592329979, "exp+2": 0.006601168215274811, "obs": 0.0037945927197880966}, "850.0": {"exp-2": 0.01927947998046875, "exp-1": 0.02596569061279297, "exp0": 0.037109375, "exp+1": 0.05367636680603027, "exp+2": 0.07569095492362976, "obs": 0.03909017669482639}, "650.0": {"exp-2": 0.0031219482421875003, "exp-1": 0.004221725463867188, "exp0": 0.0060546875, "exp+1": 0.008805990964174271, "exp+2": 0.012483069300651552, "obs": 0.006186774838193316}, "800.0": {"exp-2": 0.010045623779296875, "exp-1": 0.013602072000503541, "exp0": 0.0193359375, "exp+1": 0.028083822131156923, "exp+2": 0.03960154950618744, "obs": 0.02029192510256525}, "95.0": {"exp-2": 0.0016427993774414064, "exp-1": 0.002221512794494629, "exp0": 0.00318603515625, "exp+1": 0.004646497592329979, "exp+2": 0.006601168215274811, "obs": 0.0032468239701588172}, "60.0": {"exp-2": 0.0018442153930664064, "exp-1": 0.002493882179260254, "exp0": 0.00357666015625, "exp+1": 0.005216183140873909, "exp+2": 0.007410506904125214, "obs": 0.00362418784531207}, "75.0": {"exp-2": 0.0017246246337890626, "exp-1": 0.0023321628570556643, "exp0": 0.0033447265625000003, "exp+1": 0.004871265962719917, "exp+2": 0.006920704990625382, "obs": 0.0034323720626873314}, "130.0": {"exp-2": 0.001535797119140625, "exp-1": 0.002076816558837891, "exp0": 0.0029785156250000003, "exp+1": 0.004343852028250695, "exp+2": 0.006175809726119042, "obs": 0.003351423642155595}, "120.0": {"exp-2": 0.0015483856201171876, "exp-1": 0.0020938396453857424, "exp0": 0.0030029296875, "exp+1": 0.004379457235336304, "exp+2": 0.0062264312058687215, "obs": 0.003080448148109689}, "110.0": {"exp-2": 0.0015609741210937502, "exp-1": 0.002110862731933594, "exp0": 0.00302734375, "exp+1": 0.004421096295118332, "exp+2": 0.006280741095542908, "obs": 0.003873607780203732}, "550.0": {"exp-2": 0.0022029876708984375, "exp-1": 0.0029790401458740234, "exp0": 0.0042724609375, "exp+1": 0.006230935454368591, "exp+2": 0.00883893594145775, "obs": 0.004354506793958008}, "700.0": {"exp-2": 0.003952789306640625, "exp-1": 0.005345249176025391, "exp0": 0.0076660156250000005, "exp+1": 0.011149521172046662, "exp+2": 0.01580517739057541, "obs": 0.007910330929344652}, "500.0": {"exp-2": 0.0019826889038085938, "exp-1": 0.002681136131286621, "exp0": 0.00384521484375, "exp+1": 0.0056078419089317325, "exp+2": 0.007960984855890274, "obs": 0.0039023426189312978}, "750.0": {"exp-2": 0.0058158874511718755, "exp-1": 0.00790734887123108, "exp0": 0.011279296875, "exp+1": 0.01638222932815552, "exp+2": 0.0231708899140358, "obs": 0.01155775639371656}}