{
  "750.0": {
    "exp+1": 0.16382229328155518,
    "exp+2": 0.23170889914035797,
    "exp-1": 0.07907348871231079,
    "exp-2": 0.05815887451171875,
    "exp0": 0.11279296875,
    "obs": 0.11557756393716559
  }
}