{
  "170.0": {
    "exp+1": 0.043943557888269424,
    "exp+2": 0.06242752820253372,
    "exp-1": 0.02098095417022705,
    "exp-2": 0.015515327453613281,
    "exp0": 0.03009033203125,
    "obs": 0.03056735980092539
  }
}