{
  "80.0": {
    "exp+1": 0.047889187932014465,
    "exp+2": 0.06808577477931976,
    "exp-1": 0.02289605140686035,
    "exp-2": 0.016931533813476562,
    "exp0": 0.0328369140625,
    "obs": 0.03683780853873005
  }
}