{
  "60.0": {
    "exp+1": 0.05216183140873909,
    "exp+2": 0.07410506904125214,
    "exp-1": 0.02493882179260254,
    "exp-2": 0.018442153930664062,
    "exp0": 0.0357666015625,
    "obs": 0.0362418784531207
  }
}