{
  "450.0": {
    "exp+1": 0.05173498019576073,
    "exp+2": 0.07350091636180878,
    "exp-1": 0.024768590927124023,
    "exp-2": 0.018316268920898438,
    "exp0": 0.0355224609375,
    "obs": 0.035925565797638406
  }
}