{
  "550.0": {
    "exp+1": 0.06230935454368591,
    "exp+2": 0.08838935941457748,
    "exp-1": 0.029790401458740234,
    "exp-2": 0.022029876708984375,
    "exp0": 0.042724609375,
    "obs": 0.04354506793958008
  }
}