{
  "800.0": {
    "exp+1": 0.2808382213115692,
    "exp+2": 0.3960154950618744,
    "exp-1": 0.1360207200050354,
    "exp-2": 0.10045623779296875,
    "exp0": 0.193359375,
    "obs": 0.2029192510256525
  }
}