{
  "700.0": {
    "exp+1": 0.11149521172046661,
    "exp+2": 0.1580517739057541,
    "exp-1": 0.053452491760253906,
    "exp-2": 0.03952789306640625,
    "exp0": 0.07666015625,
    "obs": 0.07910330929344651
  }
}