{
  "600.0": {
    "exp+1": 0.07253564149141312,
    "exp+2": 0.10289870202541351,
    "exp-1": 0.03472709655761719,
    "exp-2": 0.0256805419921875,
    "exp0": 0.0498046875,
    "obs": 0.05024187692582719
  }
}