{
  "500.0": {
    "exp+1": 0.05607841908931732,
    "exp+2": 0.07960984855890274,
    "exp-1": 0.02681136131286621,
    "exp-2": 0.019826889038085938,
    "exp0": 0.0384521484375,
    "obs": 0.039023426189312975
  }
}