{
  "85.0": {
    "exp+1": 0.04699905589222908,
    "exp+2": 0.0667206346988678,
    "exp-1": 0.022470474243164062,
    "exp-2": 0.0166168212890625,
    "exp0": 0.0322265625,
    "obs": 0.03616852405506585
  }
}