{
  "400.0": {
    "exp+1": 0.048512283712625504,
    "exp+2": 0.06892023980617523,
    "exp-1": 0.023193955421447754,
    "exp-2": 0.017151832580566406,
    "exp0": 0.03326416015625,
    "obs": 0.03358334779256863
  }
}