{
  "110.0": {
    "exp+1": 0.25880056619644165,
    "exp+2": 0.3892093598842621,
    "exp-1": 0.11463400721549988,
    "exp-2": 0.08313775062561035,
    "exp0": 0.168914794921875,
    "obs": 0.10339918656706765
  }
}