{
  "110.0": {
    "exp+1": 0.13569176197052002,
    "exp+2": 0.1937219500541687,
    "exp-1": 0.0643472671508789,
    "exp-2": 0.04758453369140625,
    "exp0": 0.09228515625,
    "obs": 0.04681176003405793
  }
}