{
  "110.0": {
    "exp+1": 0.40893837809562683,
    "exp+2": 0.5936906933784485,
    "exp-1": 0.19101381301879883,
    "exp-2": 0.14009475708007812,
    "exp0": 0.27587890625,
    "obs": 0.21172471806223642
  }
}