{
  "110.0": {
    "exp+1": 0.37930184602737427,
    "exp+2": 0.5488762855529785,
    "exp-1": 0.17461510002613068,
    "exp-2": 0.12825250625610352,
    "exp0": 0.2545166015625,
    "obs": 0.27226564966403083
  }
}