{
  "110.0": {
    "exp+1": 0.4094882309436798,
    "exp+2": 0.5948430299758911,
    "exp-1": 0.19101381301879883,
    "exp-2": 0.14009475708007812,
    "exp0": 0.27587890625,
    "obs": 0.2118269632386337
  }
}