{
  "110.0": {
    "exp+1": 0.8079797625541687,
    "exp+2": 1.1477590799331665,
    "exp-1": 0.3833746910095215,
    "exp-2": 0.2823448181152344,
    "exp0": 0.5517578125,
    "obs": 0.4587865139186797
  }
}