{
  "110.0": {
    "exp+1": 0.8497500419616699,
    "exp+2": 1.2468551397323608,
    "exp-1": 0.38999199867248535,
    "exp-2": 0.287628173828125,
    "exp0": 0.56640625,
    "obs": 0.2981806546214097
  }
}