{
  "110.0": {
    "exp+1": 0.5799325108528137,
    "exp+2": 0.8407465815544128,
    "exp-1": 0.27183979749679565,
    "exp-2": 0.20020246505737305,
    "exp0": 0.3912353515625,
    "obs": 0.31693919099865736
  }
}