{
  "110.0": {
    "exp+1": 0.8441057801246643,
    "exp+2": 1.2343450784683228,
    "exp-1": 0.38999199867248535,
    "exp-2": 0.287628173828125,
    "exp0": 0.56640625,
    "obs": 0.2968965586640667
  }
}