{
  "110.0": {
    "exp+1": 0.5549391508102417,
    "exp+2": 0.7789744734764099,
    "exp-1": 0.26877832412719727,
    "exp-2": 0.1985025405883789,
    "exp0": 0.382080078125,
    "obs": 0.29781582794317424
  }
}