{
  "110.0": {
    "exp+1": 0.25869739055633545,
    "exp+2": 0.388897567987442,
    "exp-1": 0.11473756283521652,
    "exp-2": 0.08321285247802734,
    "exp0": 0.1690673828125,
    "obs": 0.10453115253786072
  }
}