{
  "110.0": {
    "exp+1": 0.2564205229282379,
    "exp+2": 0.3843368887901306,
    "exp-1": 0.11432334780693054,
    "exp-2": 0.08291244506835938,
    "exp0": 0.16845703125,
    "obs": 0.10418972948506287
  }
}