{
  "110.0": {
    "exp+1": 0.6347725987434387,
    "exp+2": 0.9299076795578003,
    "exp-1": 0.292493999004364,
    "exp-2": 0.21572113037109375,
    "exp0": 0.4248046875,
    "obs": 0.42268132910662704
  }
}