{
  "110.0": {
    "exp+1": 0.38015714287757874,
    "exp+2": 0.5497857332229614,
    "exp-1": 0.1762332022190094,
    "exp-2": 0.12871384620666504,
    "exp0": 0.25543212890625,
    "obs": 0.2746073115095083
  }
}