{
  "110.0": {
    "exp+1": 0.41223737597465515,
    "exp+2": 0.6014055609703064,
    "exp-1": 0.19101381301879883,
    "exp-2": 0.14009475708007812,
    "exp0": 0.27587890625,
    "obs": 0.21185902180923277
  }
}