{
  "110.0": {
    "exp+1": 0.4164917469024658,
    "exp+2": 0.6307425498962402,
    "exp-1": 0.1826225370168686,
    "exp-2": 0.13187527656555176,
    "exp0": 0.27008056640625,
    "obs": 0.17306670590029982
  }
}