{
  "110.0": {
    "exp+1": 0.6319662928581238,
    "exp+2": 0.925027072429657,
    "exp-1": 0.29081299901008606,
    "exp-2": 0.21448135375976562,
    "exp0": 0.42236328125,
    "obs": 0.42183555389817295
  }
}