{
  "110.0": {
    "exp+1": 0.5610268712043762,
    "exp+2": 0.7899137735366821,
    "exp-1": 0.26990652084350586,
    "exp-2": 0.20040512084960938,
    "exp0": 0.3857421875,
    "obs": 0.2957287232248551
  }
}