{
  "110.0": {
    "exp+1": 0.8144494295120239,
    "exp+2": 1.1569055318832397,
    "exp-1": 0.3859192132949829,
    "exp-2": 0.28421878814697266,
    "exp0": 0.555419921875,
    "obs": 0.46665362259641
  }
}